{
  "version": "v1",
  "blocklist": [],
  "data": [
    {
      "schema_version": "1.0.0",
      "id": "pigeons",
      "name": "PIGEO'n'S",
      "tagline": "Program to Interactively Grade and Evaluate Objects and Scenes",
      "version": "1.4.0",
      "type": "add-on",
      "maintainer": "KiraaCorsac <wire150@gmail.com>",
      "license": [
        "SPDX:GPL-3.0-or-later"
      ],
      "blender_version_min": "4.2.0",
      "website": "https://github.com/kiraacorsac/PIGEOnS",
      "permissions": {
        "clipboard": "Copy tracebacks to clipboard for easier error reporting"
      },
      "tags": [
        "System",
        "Eductaion"
      ],
      "archive_url": "./pigeons-1.4.0.zip",
      "archive_size": 1423595,
      "archive_hash": "sha256:321eb2af97b09418bd91d05ed3f100aef48c798aa4f8cf590fefc05d67d9773c"
    }
  ]
}