{
  "version": "v1",
  "blocklist": [],
  "data": [
    {
      "schema_version": "1.0.0",
      "id": "pigeons",
      "name": "PIGEO'n'S",
      "tagline": "Program to Interactively Grade and Evaluate Objects and Scenes",
      "version": "1.1.1",
      "type": "add-on",
      "maintainer": "KiraaCorsac <wire150@gmail.com>",
      "license": [
        "SPDX:GPL-3.0-or-later"
      ],
      "blender_version_min": "4.2.0",
      "website": "https://github.com/kiraacorsac/PIGEOnS",
      "permissions": {
        "clipboard": "Copy tracebacks to clipboard for easier error reporting"
      },
      "tags": [
        "System",
        "Eductaion"
      ],
      "archive_url": "./pigeons-1.1.1.zip",
      "archive_size": 1421735,
      "archive_hash": "sha256:a3daaeed022c30a5eefa97c2bf7dbd921dff9d6df0232eb3d88d64a2f27b16ee"
    }
  ]
}